<?xml version="1.0" encoding="utf-8"?>

<!--
    Copyright (C) 2012-2014 Akretion (http://www.akretion.com/)
    @author Alexis de Lattre <alexis.delattre@akretion.com>
    The licence is in the file __openerp__.py
-->

<openerp>
<data>


<record id="view_company_form" model="ir.ui.view">
    <field name="name">currency.rate.date.check.company.form</field>
    <field name="model">res.company</field>
    <field name="inherit_id" ref="base.view_company_form" />
    <field name="arch" type="xml">
        <field name="currency_id" position="after">
            <field name="currency_rate_max_delta" />
        </field>
    </field>
</record>


</data>
</openerp>
