id,group_id/id,name,model_id/id,perm_read,perm_write,perm_create,perm_unlink
dunning_fees_manager,account_credit_control.group_account_credit_control_manager,dunning_fees_manager,model_credit_control_dunning_fees_computer,1,1,1,1
dunning_fees_user,account_credit_control.group_account_credit_control_user,dunning_fees_user,model_credit_control_dunning_fees_computer,1,1,1,1
dunning_fees_user,account_credit_control.group_account_credit_control_info,dunning_fees_user,model_credit_control_dunning_fees_computer,1,0,0,0
dunning_fees_account_user,account.group_account_user,dunning_fees_account_user,model_credit_control_dunning_fees_computer,1,0,0,0
dunning_fees_account_manager,account.group_account_manager,dunning_fees_account_manager,model_credit_control_dunning_fees_computer,1,1,1,1
dunning_fees_invoices,account.group_account_invoice,dunning_fees_invoice,model_credit_control_dunning_fees_computer,1,0,0,0
