"id","name","model_id:id","group_id:id","perm_read","perm_write","perm_create","perm_unlink"
"access_account_document_template_user","account_document_template_user","model_account_document_template","account.group_account_user","1","1","1","1"
"access_account_document_template_manager","account_document_template_manager","model_account_document_template","account.group_account_manager","1","1","1","1"
"access_account_document_template_line_user","account_document_template_line_user","model_account_document_template_line","account.group_account_user","1","1","1","1"
"access_account_document_template_line_manager","account_document_template_line_manager","model_account_document_template_line","account.group_account_manager","1","1","1","1"
"access_account_move_template_user","account_move_template_user","model_account_move_template","account.group_account_user","1","1","1","1"
"access_account_move_template_manager","account_move_template_manager","model_account_move_template","account.group_account_manager","1","1","1","1"
"access_account_move_template_line_user","account_move_template_line_user","model_account_move_template_line","account.group_account_user","1","1","1","1"
"access_account_move_template_line_manager","account_move_template_line_manager","model_account_move_template_line","account.group_account_manager","1","1","1","1"
