<openerp>
  <data>

    <record id="view_move_form_remove_button" model="ir.ui.view">
      <field name="name">account.move.form.remove.button</field>
      <field name="model">account.move</field>
      <field name="inherit_id" ref="account.view_move_form"/>
      <field name="arch" type="xml">
        <data>
          <button name="button_validate" position="replace"/>
          <button name="button_cancel" position="replace"/>
        </data>
      </field>
    </record>

  </data>
</openerp>