<?xml version="1.0" encoding="utf-8"?>
<!--
  account_check_deposit for Odoo/OpenERP
  Copyright (C) 2012-2015 Akretion (http://www.akretion.com/)
  @author: Benoît GUILLOT <benoit.guillot@akretion.com>
  The licence is in the file __openerp__.py
-->

<openerp>
    <data noupdate="1">

        <!-- Sequences for account.check.deposit -->
        <record id="seq_type_account_check_deposit" model="ir.sequence.type">
            <field name="name">Account Check Deposit</field>
            <field name="code">account.check.deposit</field>
        </record>

        <record id="seq_account_check_deposit" model="ir.sequence">
            <field name="name">Account Check Deposit</field>
            <field name="code">account.check.deposit</field>
            <field name="prefix">DEP</field>
            <field name="padding">3</field>
            <field name="company_id" eval="False"/>
        </record>

    </data>
</openerp>
