<?xml version="1.0" encoding="UTF-8"?>
<templates id="template" xml:space="preserve">
    
  <t t-name="AccountMoveLineSearchExtension">
    <div class="ui-toolbar" style="margin-bottom:0px;">
      <div class="oe_form_char_section">
        <h4>Account :</h4> 
        <input type="text" class="oe_account_select_account">
        </input>
      </div>  
      <div class="oe_form_char_section">
        <h4>Partner :</h4> 
        <input type="text" class="oe_account_select_partner">
        </input>
      </div>
      <div class="oe_form_dropdown_section">
        <h4>Journal :</h4> 
        <select class="oe_account_select_journal">
        </select>
      </div>
      <div class="oe_form_char_section">
        <h4>Period :</h4> 
        <input type="text" class="oe_account_select_period">
        </input>
      </div>
    </div>
  </t>

</templates>
