id,name,model_id:id,group_id:id,perm_read,perm_write,perm_create,perm_unlink
access_account_asset_category_invoice,account.asset.category,model_account_asset_category,account.group_account_invoice,1,0,0,0
access_account_asset_category_user,account.asset.category,model_account_asset_category,account.group_account_user,1,0,0,0
access_account_asset_category_manager,account.asset.category,model_account_asset_category,account.group_account_manager,1,1,1,1
access_account_asset_asset_invoice,account.asset.asset,model_account_asset_asset,account.group_account_invoice,1,1,1,1
access_account_asset_asset_user,account.asset.asset,model_account_asset_asset,account.group_account_user,1,1,1,1
access_account_asset_asset_manager,account.asset.asset,model_account_asset_asset,account.group_account_manager,1,1,1,1
access_account_asset_depreciation_line_invoice,account.asset.depreciation.line,model_account_asset_depreciation_line,account.group_account_invoice,1,1,1,1
access_account_asset_depreciation_line_user,account.asset.depreciation.line,model_account_asset_depreciation_line,account.group_account_user,1,1,1,1
access_account_asset_depreciation_line_manager,account.asset.depreciation.line,model_account_asset_depreciation_line,account.group_account_manager,1,1,1,1
access_account_asset_history_user,account.asset.history,model_account_asset_history,account.group_account_user,1,0,0,0
access_account_asset_history_manager,account.asset.history,model_account_asset_history,account.group_account_manager,1,1,1,1
access_account_asset_recompute_trigger_user,account.asset.recompute.trigger,model_account_asset_recompute_trigger,account.group_account_user,1,1,1,1
access_account_asset_recompute_trigger_manager,account.asset.recompute.trigger,model_account_asset_recompute_trigger,account.group_account_manager,1,1,1,1
access_asset_asset_report_user,asset.asset.report,model_asset_asset_report,account.group_account_user,1,0,0,0
access_asset_asset_report_manager,asset.asset.report,model_asset_asset_report,account.group_account_manager,1,1,1,1

